symbol,timestamp,open,high,low,close,volume
BTCUSDT,2026-10-01T00:00:00Z,62410.5,62680.0,62390.1,62550.2,118.42
BTCUSDT,2026-10-01T04:00:00Z,62550.2,62720.8,62480.0,62495.6,96.10
BTCUSDT,2026-10-01T08:00:00Z,62495.6,62910.4,62460.3,62880.9,141.77
BTCUSDT,2026-10-01T12:00:00Z,62880.9,63120.0,62790.5,63010.7,133.05
BTCUSDT,2026-10-01T16:00:00Z,63010.7,63240.6,62900.2,62955.1,120.63
BTCUSDT,2026-10-01T20:00:00Z,62955.1,63040.0,62610.9,62680.4,109.28
ETHUSDT,2026-10-01T00:00:00Z,2452.10,2468.55,2449.02,2461.73,1420.5
ETHUSDT,2026-10-01T04:00:00Z,2461.73,2480.20,2455.61,2477.94,1315.2
ETHUSDT,2026-10-01T08:00:00Z,2477.94,2501.88,2470.33,2498.41,1689.0
ETHUSDT,2026-10-01T12:00:00Z,2498.41,2510.02,2481.70,2486.55,1502.7
